{"cameraMode":{"drawMode":0,"name":"Shaded","section":"Shading Mode"},"sceneLighting":true,"audioPlay":false,"sceneViewState":{"m_AlwaysRefresh":false,"showFog":true,"showSkybox":true,"showFlares":true,"showImageEffects":true,"showParticleSystems":true,"showVisualEffectGraphs":true,"m_FxEnabled":true},"in2DMode":false,"pivot":{"x":130.3747100830078,"y":313.8078308105469,"z":10.8817138671875},"rotation":{"x":-0.054881177842617038,"y":-0.009588755667209626,"z":0.0005260833422653377,"w":-0.9984825253486633},"size":426.95379638671877,"orthographic":false}